Start Time,End Time,Model Name,Agent Name,Exam Name,Temperature,Questions,Accuracy,Input Tokens,Output Tokens,Total Tokens,Tokens per Question,Total Cost,Cost per Question,Runtime,Runtime per Question,Num Correct,Num Incorrect,Num Errors
2024-06-11 16:49:23,2024-06-11 21:01:48,claude-3-opus-20240229,chain_of_thought,comprehensive-100,0.0,100,0.79,61827,285090,346917,3469.17,22.309155,0.22309155,15145.188938,151.45188937999998,79,21,0
2024-06-11 21:01:48,2024-06-12 01:08:52,claude-3-opus-20240229,chain_of_thought,comprehensive-100,0.1,100,0.75,61827,283087,344914,3449.14,22.15893,0.2215893,14824.247499,148.24247499,75,25,0
2024-06-12 09:54:30,2024-06-12 13:51:45,claude-3-opus-20240229,chain_of_thought,comprehensive-100,0.2,100,0.78,61827,282801,344628,3446.28,22.13748,0.2213748,14234.749916,142.34749916,78,22,1
2024-06-12 15:02:30,2024-06-12 19:00:22,claude-3-opus-20240229,chain_of_thought,comprehensive-100,0.3,100,0.78,61827,281028,342855,3428.55,22.004505,0.22004505,14272.508826,142.72508826,78,22,0
2024-06-12 15:02:53,2024-06-12 19:01:17,claude-3-opus-20240229,chain_of_thought,comprehensive-100,0.4,100,0.77,61827,280009,341836,3418.36,21.928079999999998,0.21928079999999997,14304.100628,143.04100628,77,23,0
2024-06-12 15:03:17,2024-06-12 19:01:16,claude-3-opus-20240229,chain_of_thought,comprehensive-100,0.5,100,0.8,61827,280376,342203,3422.03,21.955605,0.21955605,14279.123971,142.79123971,80,20,0
2024-06-11 18:34:04,2024-06-11 22:44:07,claude-3-opus-20240229,chain_of_thought,comprehensive-100,0.6,100,0.77,61827,279998,341825,3418.25,21.927255,0.2192725499999999,15002.192998,150.02192998,77,23,1
2024-06-11 22:44:07,2024-06-12 02:45:20,claude-3-opus-20240229,chain_of_thought,comprehensive-100,0.7,100,0.79,61827,280247,342074,3420.74,21.94593,0.2194592999999999,14472.988717,144.72988717,79,21,0
2024-06-12 10:35:53,2024-06-12 14:27:14,claude-3-opus-20240229,chain_of_thought,comprehensive-100,0.8,100,0.78,61387,277002,338389,3383.89,21.695955,0.2169595499999999,13880.900637,138.80900637000002,78,22,1
2024-06-12 10:37:16,2024-06-12 14:33:42,claude-3-opus-20240229,chain_of_thought,comprehensive-100,0.9,100,0.75,61827,281539,343366,3433.66,22.04283,0.2204283,14186.774921,141.86774921,75,25,0
2024-06-12 10:39:41,2024-06-12 14:36:26,claude-3-opus-20240229,chain_of_thought,comprehensive-100,1.0,100,0.81,61827,281824,343651,3436.51,22.064205,0.22064205,14204.983417,142.04983417,81,19,0
2024-06-07 19:43:09,2024-06-07 20:46:20,cohere-command-r-plus,chain_of_thought,comprehensive-100,0.0,100,0.63,54628,150820,205448,2054.48,2.426184,0.0242618399999999,3790.541675,37.90541675,63,37,2
2024-06-07 20:46:20,2024-06-07 21:48:55,cohere-command-r-plus,chain_of_thought,comprehensive-100,0.1,100,0.63,54628,149033,203661,2036.61,2.399379,0.0239937899999999,3755.832024,37.55832024,63,37,1
2024-06-07 21:48:55,2024-06-07 23:49:28,cohere-command-r-plus,chain_of_thought,comprehensive-100,0.2,100,0.65,54628,149979,204607,2046.07,2.413569,0.0241356899999999,7232.550304,72.32550304,65,35,1
2024-06-07 23:49:28,2024-06-08 00:50:30,cohere-command-r-plus,chain_of_thought,comprehensive-100,0.3,100,0.65,54628,144154,198782,1987.82,2.326194,0.0232619399999999,3661.602037,36.61602037,65,35,2
2024-06-08 00:50:30,2024-06-08 01:52:02,cohere-command-r-plus,chain_of_thought,comprehensive-100,0.4,100,0.64,53298,146227,199525,1995.25,2.353299,0.0235329899999999,3692.02643,36.9202643,64,36,4
2024-06-08 01:52:02,2024-06-08 02:54:57,cohere-command-r-plus,chain_of_thought,comprehensive-100,0.5,100,0.65,54628,148999,203627,2036.27,2.398869,0.02398869,3775.683524,37.75683524,65,35,1
2024-06-08 02:54:57,2024-06-08 03:56:29,cohere-command-r-plus,chain_of_thought,comprehensive-100,0.6,100,0.62,52813,145735,198548,1985.48,2.344464,0.02344464,3691.19152,36.9119152,62,38,6
2024-06-08 03:56:29,2024-06-08 04:57:52,cohere-command-r-plus,chain_of_thought,comprehensive-100,0.7,100,0.63,53702,144940,198642,1986.42,2.335206,0.0233520599999999,3683.135385,36.83135385,63,37,3
2024-06-08 04:57:52,2024-06-08 05:59:27,cohere-command-r-plus,chain_of_thought,comprehensive-100,0.8,100,0.64,54628,145325,199953,1999.53,2.343759,0.0234375899999999,3695.376067,36.95376067,64,36,3
2024-06-08 05:59:27,2024-06-08 07:00:21,cohere-command-r-plus,chain_of_thought,comprehensive-100,0.9,100,0.66,53769,143563,197332,1973.32,2.3147519999999995,0.0231475199999999,3653.559722,36.53559722,66,34,4
2024-06-08 07:00:21,2024-06-08 08:02:41,cohere-command-r-plus,chain_of_thought,comprehensive-100,1.0,100,0.68,54628,146883,201511,2015.11,2.367129,0.0236712899999999,3740.075005,37.40075005,68,32,1
2024-06-07 19:43:29,2024-06-07 20:10:54,gemini-1.0-pro,chain_of_thought,comprehensive-100,0.0,100,0.61,428238,139368,567606,5676.06,0.4231709999999999,0.00423171,1644.691254,16.44691254,61,39,3
2024-06-07 20:10:54,2024-06-07 20:40:41,gemini-1.0-pro,chain_of_thought,comprehensive-100,0.1,100,0.63,436026,145024,581050,5810.5,0.435549,0.00435549,1786.909355,17.86909355,63,37,2
2024-06-07 20:40:41,2024-06-07 21:08:40,gemini-1.0-pro,chain_of_thought,comprehensive-100,0.2,100,0.6,430337,138705,569042,5690.42,0.423226,0.00423226,1678.988774,16.789887739999998,60,40,2
2024-06-07 21:08:40,2024-06-07 21:41:02,gemini-1.0-pro,chain_of_thought,comprehensive-100,0.3,100,0.59,432580,140159,572739,5727.39,0.4265285,0.004265285,1942.615476,19.42615476,59,41,1
2024-06-07 21:41:02,2024-06-07 23:10:19,gemini-1.0-pro,chain_of_thought,comprehensive-100,0.4,100,0.63,428235,135374,563609,5636.09,0.4171785,0.004171785,5357.147825,53.57147825,63,37,1
2024-06-07 23:10:19,2024-06-07 23:43:24,gemini-1.0-pro,chain_of_thought,comprehensive-100,0.5,100,0.64,441348,150960,592308,5923.08,0.447114,0.00447114,1984.830798,19.84830798,64,36,2
2024-06-07 23:43:24,2024-06-08 00:14:28,gemini-1.0-pro,chain_of_thought,comprehensive-100,0.6,100,0.65,427276,138434,565710,5657.1,0.421289,0.00421289,1863.616839,18.63616839,65,35,3
2024-06-08 00:14:28,2024-06-08 00:48:45,gemini-1.0-pro,chain_of_thought,comprehensive-100,0.7,100,0.6,447799,157494,605293,6052.93,0.4601405,0.004601405,2057.45529,20.5745529,60,40,1
2024-06-08 00:48:45,2024-06-08 01:25:30,gemini-1.0-pro,chain_of_thought,comprehensive-100,0.8,100,0.6,457284,170924,628208,6282.08,0.485028,0.00485028,2204.738034,22.04738034,60,40,2
2024-06-08 01:25:30,2024-06-08 02:05:12,gemini-1.0-pro,chain_of_thought,comprehensive-100,0.9,100,0.58,469932,171311,641243,6412.43,0.4919325,0.0049193249999999,2382.011734,23.820117340000003,58,42,1
2024-06-08 02:05:12,2024-06-08 02:47:13,gemini-1.0-pro,chain_of_thought,comprehensive-100,1.0,100,0.54,471872,186004,657876,6578.76,0.514942,0.00514942,2520.699108,25.20699108,54,46,2
2024-06-07 19:44:14,2024-06-08 01:50:53,gemini-1.5-pro-preview-0409,chain_of_thought,comprehensive-100,0.0,100,0.84,457046,170817,627863,6278.63,6.786479,0.06786479,21999.243801,219.99243801,84,16,2
2024-06-08 01:50:53,2024-06-08 07:00:48,gemini-1.5-pro-preview-0409,chain_of_thought,comprehensive-100,0.1,100,0.8,457360,155532,612892,6128.92,6.467692,0.06467692,18595.057276,185.95057276,80,20,0
2024-06-08 07:00:48,2024-06-08 12:13:11,gemini-1.5-pro-preview-0409,chain_of_thought,comprehensive-100,0.2,100,0.84,462420,161366,623786,6237.86,6.6256260000000005,0.06625626,18742.112291,187.42112291,84,16,0
2024-06-08 12:13:11,2024-06-08 17:26:05,gemini-1.5-pro-preview-0409,chain_of_thought,comprehensive-100,0.3,100,0.8,466148,165536,631684,6316.84,6.739292000000001,0.06739292,18774.790993,187.74790993,80,20,0
2024-06-08 17:26:05,2024-06-08 22:37:05,gemini-1.5-pro-preview-0409,chain_of_thought,comprehensive-100,0.4,100,0.76,458218,163143,621361,6213.61,6.633528999999999,0.0663352899999999,18659.456483,186.59456483,76,24,1
2024-06-08 22:37:05,2024-06-09 03:47:50,gemini-1.5-pro-preview-0409,chain_of_thought,comprehensive-100,0.5,100,0.79,457931,156735,614666,6146.66,6.496952,0.06496952,18644.622116,186.44622116,79,21,0
2024-06-09 03:47:50,2024-06-09 09:02:01,gemini-1.5-pro-preview-0409,chain_of_thought,comprehensive-100,0.6,100,0.77,467791,167911,635702,6357.02,6.800668000000001,0.06800668,18851.871145,188.51871145,77,23,0
2024-06-09 09:02:01,2024-06-09 14:16:34,gemini-1.5-pro-preview-0409,chain_of_thought,comprehensive-100,0.7,100,0.8,468763,169171,637934,6379.34,6.833932000000001,0.06833932,18872.227413,188.72227413,80,20,0
2024-06-09 14:16:34,2024-06-09 19:26:57,gemini-1.5-pro-preview-0409,chain_of_thought,comprehensive-100,0.8,100,0.77,454324,164793,619117,6191.17,6.6409210000000005,0.06640921,18623.379859,186.23379859,77,23,1
2024-06-09 19:26:57,2024-06-10 00:39:00,gemini-1.5-pro-preview-0409,chain_of_thought,comprehensive-100,0.9,100,0.8,458052,169477,627529,6275.29,6.7653810000000005,0.06765381,18722.903825,187.22903825,80,20,1
2024-06-10 00:39:00,2024-06-10 05:55:51,gemini-1.5-pro-preview-0409,chain_of_thought,comprehensive-100,1.0,100,0.81,463076,174921,637997,6379.97,6.914873,0.06914873,19011.260643,190.11260643000003,81,19,1
2024-06-09 08:16:40,2024-06-09 08:27:50,gpt-35-turbo,baseline,comprehensive-100,0.0,100,0.54,48814,9910,58724,587.24,0.093041,0.00093041,670.851122,6.70851122,54,46,1
2024-06-09 08:27:51,2024-06-09 08:39:05,gpt-35-turbo,baseline,comprehensive-100,0.1,100,0.53,48814,8933,57747,577.47,0.091087,0.00091087,674.356905,6.74356905,53,47,1
2024-06-09 08:39:05,2024-06-09 08:51:08,gpt-35-turbo,baseline,comprehensive-100,0.2,100,0.54,48814,8675,57489,574.89,0.090571,0.00090571,723.411733,7.23411733,54,46,1
2024-06-09 08:51:08,2024-06-09 09:02:21,gpt-35-turbo,baseline,comprehensive-100,0.3,100,0.54,48814,8959,57773,577.73,0.091139,0.00091139,672.342757,6.72342757,54,46,1
2024-06-09 09:02:21,2024-06-09 09:13:26,gpt-35-turbo,baseline,comprehensive-100,0.4,100,0.55,48814,8433,57247,572.47,0.090087,0.00090087,665.717551,6.657175509999999,55,45,1
2024-06-09 09:13:26,2024-06-09 09:24:40,gpt-35-turbo,baseline,comprehensive-100,0.5,100,0.53,48814,9604,58418,584.18,0.092429,0.00092429,673.363307,6.73363307,53,47,1
2024-06-09 09:24:40,2024-06-09 09:35:50,gpt-35-turbo,baseline,comprehensive-100,0.6,100,0.52,48814,8768,57582,575.82,0.090757,0.00090757,670.236611,6.702366110000001,52,48,1
2024-06-09 09:35:50,2024-06-09 09:46:59,gpt-35-turbo,baseline,comprehensive-100,0.7,100,0.51,48814,8599,57413,574.13,0.090419,0.00090419,668.753813,6.68753813,51,49,1
2024-06-09 09:46:59,2024-06-09 09:59:00,gpt-35-turbo,baseline,comprehensive-100,0.8,100,0.54,48814,9240,58054,580.54,0.091701,0.00091701,721.432466,7.21432466,54,46,1
2024-06-09 09:59:00,2024-06-09 10:10:11,gpt-35-turbo,baseline,comprehensive-100,0.9,100,0.55,48394,9465,57859,578.59,0.091521,0.00091521,670.383269,6.7038326900000005,55,45,2
2024-06-09 10:10:11,2024-06-09 10:21:22,gpt-35-turbo,baseline,comprehensive-100,1.0,100,0.52,48814,9686,58500,585.0,0.092593,0.00092593,671.801554,6.71801554,52,48,1
2024-06-09 17:16:12,2024-06-09 17:24:31,gpt-35-turbo,chain_of_thought,aqua-rat-100,0.0,100,0.63,37487,200970,238457,2384.57,0.4581705,0.004581705,499.811184,4.99811184,63,37,0
2024-06-09 17:24:31,2024-06-09 17:33:07,gpt-35-turbo,chain_of_thought,aqua-rat-100,0.1,100,0.7,37487,195444,232931,2329.31,0.4471185,0.004471185,515.353818,5.153538180000001,70,30,0
2024-06-09 17:33:07,2024-06-09 17:41:45,gpt-35-turbo,chain_of_thought,aqua-rat-100,0.2,100,0.69,37487,193963,231450,2314.5,0.4441565,0.004441565,518.234852,5.182348520000001,69,31,0
2024-06-09 17:41:45,2024-06-09 17:50:23,gpt-35-turbo,chain_of_thought,aqua-rat-100,0.3,100,0.73,37487,194271,231758,2317.58,0.4447725,0.004447725,517.921122,5.17921122,73,27,0
2024-06-09 17:50:23,2024-06-09 17:59:08,gpt-35-turbo,chain_of_thought,aqua-rat-100,0.4,100,0.73,37487,196463,233950,2339.5,0.4491565,0.004491565,524.999266,5.24999266,73,27,0
2024-06-09 17:59:08,2024-06-09 18:07:54,gpt-35-turbo,chain_of_thought,aqua-rat-100,0.5,100,0.71,37487,196546,234033,2340.33,0.4493225,0.004493225,525.883476,5.25883476,71,29,0
2024-06-09 18:07:54,2024-06-09 18:16:25,gpt-35-turbo,chain_of_thought,aqua-rat-100,0.6,100,0.63,37487,191297,228784,2287.84,0.4388245,0.004388245,511.29564,5.1129564,63,37,0
2024-06-09 18:16:25,2024-06-09 18:25:05,gpt-35-turbo,chain_of_thought,aqua-rat-100,0.7,100,0.7,37487,195366,232853,2328.53,0.4469625,0.004469625,519.723568,5.19723568,70,30,0
2024-06-09 18:25:05,2024-06-09 18:33:45,gpt-35-turbo,chain_of_thought,aqua-rat-100,0.8,100,0.72,37487,193565,231052,2310.52,0.4433605,0.004433605,520.282165,5.20282165,72,28,0
2024-06-09 18:33:45,2024-06-09 18:42:27,gpt-35-turbo,chain_of_thought,aqua-rat-100,0.9,100,0.62,37487,199687,237174,2371.74,0.4556045,0.004556045,522.131578,5.22131578,62,38,1
2024-06-09 18:42:27,2024-06-09 18:50:59,gpt-35-turbo,chain_of_thought,aqua-rat-100,1.0,100,0.68,37487,201371,238858,2388.58,0.4589725,0.004589725,511.548093,5.11548093,68,32,1
2024-06-09 18:50:59,2024-06-09 18:59:18,gpt-35-turbo,chain_of_thought,arc-challenge-test-100,0.0,100,0.85,35486,94800,130286,1302.86,0.242829,0.00242829,498.717831,4.98717831,85,15,0
2024-06-09 18:59:18,2024-06-09 19:07:58,gpt-35-turbo,chain_of_thought,arc-challenge-test-100,0.1,100,0.88,35486,97020,132506,1325.06,0.247269,0.00247269,520.162858,5.20162858,88,12,0
2024-06-09 19:07:58,2024-06-09 19:16:18,gpt-35-turbo,chain_of_thought,arc-challenge-test-100,0.2,100,0.86,35486,96678,132164,1321.64,0.246585,0.00246585,499.58373,4.9958373,86,14,0
2024-06-09 19:16:18,2024-06-09 19:24:36,gpt-35-turbo,chain_of_thought,arc-challenge-test-100,0.3,100,0.86,35486,98898,134384,1343.84,0.251025,0.00251025,498.170191,4.98170191,86,14,0
2024-06-09 19:24:36,2024-06-09 19:33:19,gpt-35-turbo,chain_of_thought,arc-challenge-test-100,0.4,100,0.88,35486,99232,134718,1347.18,0.251693,0.00251693,523.190875,5.23190875,88,12,0
2024-06-09 19:33:19,2024-06-09 19:41:39,gpt-35-turbo,chain_of_thought,arc-challenge-test-100,0.5,100,0.89,35486,102142,137628,1376.28,0.257513,0.00257513,499.713423,4.99713423,89,11,0
2024-06-09 19:41:39,2024-06-09 19:49:58,gpt-35-turbo,chain_of_thought,arc-challenge-test-100,0.6,100,0.9,35486,101764,137250,1372.5,0.256757,0.00256757,499.129769,4.99129769,90,10,0
2024-06-09 19:49:58,2024-06-09 19:58:44,gpt-35-turbo,chain_of_thought,arc-challenge-test-100,0.7,100,0.89,35486,104009,139495,1394.95,0.261247,0.00261247,526.238174,5.26238174,89,11,0
2024-06-09 19:58:44,2024-06-09 20:07:06,gpt-35-turbo,chain_of_thought,arc-challenge-test-100,0.8,100,0.89,35486,105339,140825,1408.25,0.263907,0.00263907,502.279621,5.02279621,89,11,0
2024-06-09 20:07:06,2024-06-09 20:15:24,gpt-35-turbo,chain_of_thought,arc-challenge-test-100,0.9,100,0.87,35486,106046,141532,1415.32,0.265321,0.00265321,497.939988,4.97939988,87,13,0
2024-06-09 20:15:24,2024-06-09 20:24:08,gpt-35-turbo,chain_of_thought,arc-challenge-test-100,1.0,100,0.89,35486,108862,144348,1443.48,0.270953,0.00270953,523.37348,5.2337348,89,11,0
2024-06-07 11:14:53,2024-06-07 11:23:16,gpt-35-turbo,chain_of_thought,comprehensive-100,0.0,100,0.58,56734,159990,216724,2167.24,0.405081,0.00405081,502.686466,5.02686466,58,42,1
2024-06-07 11:23:16,2024-06-07 11:32:01,gpt-35-turbo,chain_of_thought,comprehensive-100,0.1,100,0.65,56734,164138,220872,2208.72,0.413377,0.00413377,525.377008,5.253770080000001,65,35,1
2024-06-07 11:32:01,2024-06-07 11:40:53,gpt-35-turbo,chain_of_thought,comprehensive-100,0.2,100,0.61,56734,162408,219142,2191.42,0.409917,0.00409917,531.568267,5.31568267,61,39,2
2024-06-07 11:40:53,2024-06-07 11:49:54,gpt-35-turbo,chain_of_thought,comprehensive-100,0.3,100,0.61,56734,163493,220227,2202.27,0.412087,0.00412087,540.546358,5.40546358,61,39,1
2024-06-07 11:49:54,2024-06-07 11:58:54,gpt-35-turbo,chain_of_thought,comprehensive-100,0.4,100,0.66,56734,161635,218369,2183.69,0.408371,0.00408371,540.749271,5.4074927100000005,66,34,1
2024-06-07 11:58:54,2024-06-07 12:07:36,gpt-35-turbo,chain_of_thought,comprehensive-100,0.5,100,0.61,56734,158601,215335,2153.35,0.4023029999999999,0.0040230299999999,521.603343,5.21603343,61,39,1
2024-06-07 12:07:36,2024-06-07 12:16:26,gpt-35-turbo,chain_of_thought,comprehensive-100,0.6,100,0.58,56734,162990,219724,2197.24,0.411081,0.0041108099999999,529.754028,5.29754028,58,42,3
2024-06-07 12:16:26,2024-06-07 12:25:15,gpt-35-turbo,chain_of_thought,comprehensive-100,0.7,100,0.62,56734,159543,216277,2162.77,0.404187,0.00404187,529.225997,5.29225997,62,38,1
2024-06-07 12:25:15,2024-06-07 12:34:19,gpt-35-turbo,chain_of_thought,comprehensive-100,0.8,100,0.61,56734,163714,220448,2204.48,0.412529,0.00412529,543.653972,5.43653972,61,39,1
2024-06-07 12:34:19,2024-06-07 12:43:06,gpt-35-turbo,chain_of_thought,comprehensive-100,0.9,100,0.66,56734,159135,215869,2158.69,0.403371,0.0040337099999999,527.336851,5.27336851,66,34,1
2024-06-07 12:43:06,2024-06-07 12:51:55,gpt-35-turbo,chain_of_thought,comprehensive-100,1.0,100,0.61,56734,160276,217010,2170.1,0.405653,0.00405653,528.900097,5.28900097,61,39,1
2024-06-07 14:50:54,2024-06-07 14:59:32,gpt-35-turbo,chain_of_thought,comprehensive-100,1.1,100,0.64,56734,166928,223662,2236.62,0.4189569999999999,0.00418957,517.741721,5.17741721,64,36,1
2024-06-07 14:59:32,2024-06-07 15:08:16,gpt-35-turbo,chain_of_thought,comprehensive-100,1.2,100,0.59,56734,167672,224406,2244.06,0.4204449999999999,0.0042044499999999,523.606742,5.23606742,59,41,2
2024-06-07 15:08:16,2024-06-07 15:18:05,gpt-35-turbo,chain_of_thought,comprehensive-100,1.3,100,0.6,56734,188392,245126,2451.26,0.461885,0.00461885,589.220898,5.89220898,60,40,1
2024-06-07 15:18:05,2024-06-07 15:39:11,gpt-35-turbo,chain_of_thought,comprehensive-100,1.4,100,0.56,56734,255333,312067,3120.67,0.5957669999999999,0.0059576699999999,1266.031481,12.66031481,56,44,1
2024-06-07 15:39:11,2024-06-07 16:49:28,gpt-35-turbo,chain_of_thought,comprehensive-100,1.5,100,0.35,50165,327417,377582,3775.82,0.7300815,0.007300815,4216.449784,42.16449784,35,65,17
2024-06-07 17:11:20,2024-06-07 19:14:03,gpt-35-turbo,chain_of_thought,comprehensive-100,1.6,100,0.05,10452,69806,80258,802.58,0.1552899999999999,0.0015528999999999,7363.220444,73.63220444,5,95,84
2024-06-09 20:24:08,2024-06-09 20:32:25,gpt-35-turbo,chain_of_thought,hellaswag_val-100,0.0,100,0.64,48540,156250,204790,2047.9,0.38531,0.0038531,496.874128,4.96874128,64,36,2
2024-06-09 20:32:25,2024-06-09 20:40:51,gpt-35-turbo,chain_of_thought,hellaswag_val-100,0.1,100,0.69,48540,155114,203654,2036.54,0.383038,0.00383038,506.799517,5.06799517,69,31,2
2024-06-09 20:40:52,2024-06-09 20:49:29,gpt-35-turbo,chain_of_thought,hellaswag_val-100,0.2,100,0.72,48540,152261,200801,2008.01,0.377332,0.00377332,517.791445,5.177914449999999,72,28,2
2024-06-09 20:49:29,2024-06-09 20:57:49,gpt-35-turbo,chain_of_thought,hellaswag_val-100,0.3,100,0.74,48540,152271,200811,2008.11,0.377352,0.00377352,500.044158,5.00044158,74,26,2
2024-06-09 20:57:49,2024-06-09 21:06:15,gpt-35-turbo,chain_of_thought,hellaswag_val-100,0.4,100,0.71,48540,150937,199477,1994.77,0.374684,0.00374684,505.987483,5.05987483,71,29,2
2024-06-09 21:06:15,2024-06-09 21:14:52,gpt-35-turbo,chain_of_thought,hellaswag_val-100,0.5,100,0.76,48540,147443,195983,1959.83,0.367696,0.00367696,516.318449,5.16318449,76,24,2
2024-06-09 21:14:52,2024-06-09 21:23:13,gpt-35-turbo,chain_of_thought,hellaswag_val-100,0.6,100,0.77,48540,147526,196066,1960.66,0.367862,0.00367862,501.51831,5.0151831,77,23,2
2024-06-09 21:23:13,2024-06-09 21:31:38,gpt-35-turbo,chain_of_thought,hellaswag_val-100,0.7,100,0.75,48540,142068,190608,1906.08,0.356946,0.00356946,504.420993,5.04420993,75,25,2
2024-06-09 21:31:38,2024-06-09 21:40:18,gpt-35-turbo,chain_of_thought,hellaswag_val-100,0.8,100,0.8,48540,139552,188092,1880.92,0.3519139999999999,0.0035191399999999,520.020781,5.20020781,80,20,2
2024-06-09 21:40:18,2024-06-09 21:48:39,gpt-35-turbo,chain_of_thought,hellaswag_val-100,0.9,100,0.79,48540,140219,188759,1887.59,0.3532479999999999,0.0035324799999999,501.595742,5.01595742,79,21,3
2024-06-09 21:48:39,2024-06-09 21:57:00,gpt-35-turbo,chain_of_thought,hellaswag_val-100,1.0,100,0.78,48540,138285,186825,1868.25,0.3493799999999999,0.0034937999999999,500.593095,5.00593095,78,22,2
2024-06-09 21:57:00,2024-06-09 22:05:34,gpt-35-turbo,chain_of_thought,logiqa-en-100,0.0,100,0.4,48253,166290,214543,2145.43,0.4049595,0.004049595,514.217091,5.14217091,40,60,1
2024-06-09 22:05:34,2024-06-09 22:13:59,gpt-35-turbo,chain_of_thought,logiqa-en-100,0.1,100,0.53,48253,164234,212487,2124.87,0.4008475,0.004008475,504.291341,5.04291341,53,47,1
2024-06-09 22:13:59,2024-06-09 22:22:24,gpt-35-turbo,chain_of_thought,logiqa-en-100,0.2,100,0.45,48253,164303,212556,2125.56,0.4009855,0.004009855,505.106558,5.05106558,45,55,1
2024-06-09 22:22:24,2024-06-09 22:30:55,gpt-35-turbo,chain_of_thought,logiqa-en-100,0.3,100,0.49,48253,163189,211442,2114.42,0.3987575,0.003987575,510.894637,5.10894637,49,51,1
2024-06-09 22:30:55,2024-06-09 22:39:21,gpt-35-turbo,chain_of_thought,logiqa-en-100,0.4,100,0.45,48253,167326,215579,2155.79,0.4070315,0.004070315,506.695456,5.06695456,45,55,1
2024-06-09 22:39:21,2024-06-09 22:47:48,gpt-35-turbo,chain_of_thought,logiqa-en-100,0.5,100,0.5,48253,167542,215795,2157.95,0.4074635,0.004074635,506.415026,5.06415026,50,50,1
2024-06-09 22:47:48,2024-06-09 22:56:17,gpt-35-turbo,chain_of_thought,logiqa-en-100,0.6,100,0.42,48253,167700,215953,2159.53,0.4077795000000001,0.004077795,509.027569,5.09027569,42,58,1
2024-06-09 22:56:17,2024-06-09 23:04:47,gpt-35-turbo,chain_of_thought,logiqa-en-100,0.7,100,0.42,48253,170714,218967,2189.67,0.4138075,0.004138075,510.289528,5.10289528,42,58,1
2024-06-09 23:04:47,2024-06-09 23:13:17,gpt-35-turbo,chain_of_thought,logiqa-en-100,0.8,100,0.44,48253,169167,217420,2174.2,0.4107135,0.004107135,509.878009,5.09878009,44,56,1
2024-06-09 23:13:17,2024-06-09 23:21:50,gpt-35-turbo,chain_of_thought,logiqa-en-100,0.9,100,0.44,48253,168389,216642,2166.42,0.4091575,0.004091575,513.185488,5.13185488,44,56,1
2024-06-09 23:21:50,2024-06-09 23:30:22,gpt-35-turbo,chain_of_thought,logiqa-en-100,1.0,100,0.42,48253,169889,218142,2181.42,0.4121575,0.004121575,511.475377,5.11475377,42,58,1
2024-06-09 23:30:22,2024-06-09 23:38:48,gpt-35-turbo,chain_of_thought,lsat-ar-100,0.0,100,0.24,51124,240910,292034,2920.34,0.558506,0.0055850599999999,506.489903,5.06489903,24,76,0
2024-06-09 23:38:48,2024-06-09 23:47:44,gpt-35-turbo,chain_of_thought,lsat-ar-100,0.1,100,0.25,51124,232585,283709,2837.09,0.541856,0.00541856,535.342847,5.35342847,25,75,0
2024-06-09 23:47:44,2024-06-09 23:56:43,gpt-35-turbo,chain_of_thought,lsat-ar-100,0.2,100,0.26,51124,236279,287403,2874.03,0.549244,0.0054924399999999,539.243841,5.39243841,26,74,0
2024-06-09 23:56:43,2024-06-10 00:05:44,gpt-35-turbo,chain_of_thought,lsat-ar-100,0.3,100,0.24,51124,242010,293134,2931.34,0.560706,0.00560706,540.889018,5.408890179999999,24,76,0
2024-06-10 00:05:44,2024-06-10 00:14:54,gpt-35-turbo,chain_of_thought,lsat-ar-100,0.4,100,0.25,51124,242341,293465,2934.65,0.561368,0.0056136799999999,550.353202,5.50353202,25,75,0
2024-06-10 00:14:54,2024-06-10 00:24:19,gpt-35-turbo,chain_of_thought,lsat-ar-100,0.5,100,0.28,51124,244594,295718,2957.18,0.565874,0.00565874,564.623096,5.6462309600000005,28,72,0
2024-06-10 00:24:19,2024-06-10 00:34:02,gpt-35-turbo,chain_of_thought,lsat-ar-100,0.6,100,0.22,51124,253330,304454,3044.54,0.583346,0.00583346,583.320653,5.83320653,22,78,0
2024-06-10 00:34:02,2024-06-10 00:44:03,gpt-35-turbo,chain_of_thought,lsat-ar-100,0.7,100,0.23,51124,251801,302925,3029.25,0.580288,0.00580288,600.705407,6.007054070000001,23,77,0
2024-06-10 00:44:03,2024-06-10 00:54:07,gpt-35-turbo,chain_of_thought,lsat-ar-100,0.8,100,0.26,51124,256546,307670,3076.7,0.589778,0.00589778,604.366939,6.04366939,26,74,0
2024-06-10 00:54:07,2024-06-10 01:04:32,gpt-35-turbo,chain_of_thought,lsat-ar-100,0.9,100,0.22,51124,263117,314241,3142.41,0.6029200000000001,0.0060292,624.988443,6.24988443,22,78,0
2024-06-10 01:04:32,2024-06-10 01:15:04,gpt-35-turbo,chain_of_thought,lsat-ar-100,1.0,100,0.2,51124,261320,312444,3124.44,0.599326,0.00599326,631.663647,6.31663647,20,80,0
2024-06-10 01:15:04,2024-06-10 01:23:20,gpt-35-turbo,chain_of_thought,lsat-lr-100,0.0,100,0.39,52154,165410,217564,2175.64,0.409051,0.00409051,495.880983,4.95880983,39,61,0
2024-06-10 01:23:20,2024-06-10 01:31:48,gpt-35-turbo,chain_of_thought,lsat-lr-100,0.1,100,0.41,52154,165112,217266,2172.66,0.4084549999999999,0.0040845499999999,508.100157,5.081001570000001,41,59,0
2024-06-10 01:31:48,2024-06-10 01:40:20,gpt-35-turbo,chain_of_thought,lsat-lr-100,0.2,100,0.44,52154,165714,217868,2178.68,0.409659,0.00409659,511.729738,5.11729738,44,56,0
2024-06-10 01:40:20,2024-06-10 01:48:46,gpt-35-turbo,chain_of_thought,lsat-lr-100,0.3,100,0.41,52154,164532,216686,2166.86,0.407295,0.00407295,506.329152,5.06329152,41,59,2
2024-06-10 01:48:46,2024-06-10 01:57:12,gpt-35-turbo,chain_of_thought,lsat-lr-100,0.4,100,0.44,52154,164495,216649,2166.49,0.407221,0.00407221,506.028026,5.06028026,44,56,0
2024-06-10 01:57:12,2024-06-10 02:05:38,gpt-35-turbo,chain_of_thought,lsat-lr-100,0.5,100,0.47,52154,166572,218726,2187.26,0.411375,0.00411375,505.80005,5.0580005,47,53,0
2024-06-10 02:05:38,2024-06-10 02:14:07,gpt-35-turbo,chain_of_thought,lsat-lr-100,0.6,100,0.44,52154,162524,214678,2146.78,0.403279,0.00403279,508.465558,5.08465558,44,56,0
2024-06-10 02:14:07,2024-06-10 02:22:37,gpt-35-turbo,chain_of_thought,lsat-lr-100,0.7,100,0.46,52154,164275,216429,2164.29,0.406781,0.00406781,510.710157,5.10710157,46,54,0
2024-06-10 02:22:37,2024-06-10 02:31:03,gpt-35-turbo,chain_of_thought,lsat-lr-100,0.8,100,0.46,52154,162774,214928,2149.28,0.403779,0.00403779,505.788076,5.05788076,46,54,0
2024-06-10 02:31:03,2024-06-10 02:39:29,gpt-35-turbo,chain_of_thought,lsat-lr-100,0.9,100,0.47,52154,163081,215235,2152.35,0.404393,0.00404393,505.811958,5.05811958,47,53,0
2024-06-10 02:39:29,2024-06-10 02:47:57,gpt-35-turbo,chain_of_thought,lsat-lr-100,1.0,100,0.47,52154,162647,214801,2148.01,0.4035249999999999,0.00403525,508.160587,5.081605870000001,47,53,0
2024-06-10 02:47:57,2024-06-10 02:56:26,gpt-35-turbo,chain_of_thought,lsat-rc-100,0.0,100,0.61,98157,154470,252627,2526.27,0.4561754999999999,0.004561755,508.868505,5.0886850500000005,61,39,0
2024-06-10 02:56:26,2024-06-10 03:04:53,gpt-35-turbo,chain_of_thought,lsat-rc-100,0.1,100,0.62,98157,154970,253127,2531.27,0.4571754999999999,0.0045717549999999,507.268831,5.07268831,62,38,0
2024-06-10 03:04:53,2024-06-10 03:13:21,gpt-35-turbo,chain_of_thought,lsat-rc-100,0.2,100,0.63,98157,152544,250701,2507.01,0.4523235,0.004523235,507.454837,5.07454837,63,37,0
2024-06-10 03:13:21,2024-06-10 03:21:50,gpt-35-turbo,chain_of_thought,lsat-rc-100,0.3,100,0.63,98157,156115,254272,2542.72,0.4594654999999999,0.004594655,508.803397,5.088033970000001,63,37,0
2024-06-10 03:21:50,2024-06-10 03:30:16,gpt-35-turbo,chain_of_thought,lsat-rc-100,0.4,100,0.62,98157,153725,251882,2518.82,0.4546854999999999,0.004546855,506.566436,5.06566436,62,38,0
2024-06-10 03:30:16,2024-06-10 03:38:43,gpt-35-turbo,chain_of_thought,lsat-rc-100,0.5,100,0.64,98157,152080,250237,2502.37,0.4513955,0.004513955,506.472732,5.06472732,64,36,0
2024-06-10 03:38:43,2024-06-10 03:47:11,gpt-35-turbo,chain_of_thought,lsat-rc-100,0.6,100,0.61,98157,155003,253160,2531.6,0.4572414999999999,0.004572415,507.986643,5.07986643,61,39,0
2024-06-10 03:47:11,2024-06-10 03:55:41,gpt-35-turbo,chain_of_thought,lsat-rc-100,0.7,100,0.62,98157,152648,250805,2508.05,0.4525315,0.0045253149999999,510.240333,5.1024033300000005,62,38,0
2024-06-10 03:55:41,2024-06-10 04:04:07,gpt-35-turbo,chain_of_thought,lsat-rc-100,0.8,100,0.59,98157,151532,249689,2496.89,0.4502994999999999,0.0045029949999999,505.92761,5.0592761,59,41,0
2024-06-10 04:04:07,2024-06-10 04:12:35,gpt-35-turbo,chain_of_thought,lsat-rc-100,0.9,100,0.64,98157,150259,248416,2484.16,0.4477535,0.004477535,508.106967,5.08106967,64,36,0
2024-06-10 04:12:35,2024-06-10 04:21:01,gpt-35-turbo,chain_of_thought,lsat-rc-100,1.0,100,0.62,98157,149948,248105,2481.05,0.4471315,0.004471315,505.624387,5.05624387,62,38,0
2024-06-10 04:21:01,2024-06-10 04:29:23,gpt-35-turbo,chain_of_thought,medmcqa-dev-100,0.0,100,0.6,34038,108830,142868,1428.68,0.268717,0.00268717,502.122201,5.02122201,60,40,1
2024-06-10 04:29:23,2024-06-10 04:37:52,gpt-35-turbo,chain_of_thought,medmcqa-dev-100,0.1,100,0.61,34038,110731,144769,1447.69,0.272519,0.00272519,508.516719,5.08516719,61,39,1
2024-06-10 04:37:52,2024-06-10 04:46:15,gpt-35-turbo,chain_of_thought,medmcqa-dev-100,0.2,100,0.59,34038,111285,145323,1453.23,0.273627,0.00273627,503.676062,5.03676062,59,41,1
2024-06-10 04:46:15,2024-06-10 04:54:44,gpt-35-turbo,chain_of_thought,medmcqa-dev-100,0.3,100,0.61,34038,113097,147135,1471.35,0.277251,0.00277251,508.455388,5.0845538800000005,61,39,1
2024-06-10 04:54:44,2024-06-10 05:03:10,gpt-35-turbo,chain_of_thought,medmcqa-dev-100,0.4,100,0.63,34038,113457,147495,1474.95,0.277971,0.00277971,505.972241,5.05972241,63,37,1
2024-06-10 05:03:10,2024-06-10 05:11:31,gpt-35-turbo,chain_of_thought,medmcqa-dev-100,0.5,100,0.62,34038,113237,147275,1472.75,0.277531,0.00277531,501.691148,5.01691148,62,38,1
2024-06-10 05:11:31,2024-06-10 05:20:05,gpt-35-turbo,chain_of_thought,medmcqa-dev-100,0.6,100,0.58,34038,113197,147235,1472.35,0.277451,0.00277451,513.8892,5.138891999999999,58,42,1
2024-06-10 05:20:05,2024-06-10 05:28:30,gpt-35-turbo,chain_of_thought,medmcqa-dev-100,0.7,100,0.59,34038,112703,146741,1467.41,0.276463,0.00276463,504.574151,5.04574151,59,41,1
2024-06-10 05:28:30,2024-06-10 05:36:52,gpt-35-turbo,chain_of_thought,medmcqa-dev-100,0.8,100,0.62,34038,116959,150997,1509.97,0.284975,0.00284975,501.751516,5.017515159999999,62,38,1
2024-06-10 05:36:52,2024-06-10 05:45:29,gpt-35-turbo,chain_of_thought,medmcqa-dev-100,0.9,100,0.62,34038,118586,152624,1526.24,0.288229,0.00288229,517.09128,5.1709128,62,38,1
2024-06-10 05:45:29,2024-06-10 05:53:52,gpt-35-turbo,chain_of_thought,medmcqa-dev-100,1.0,100,0.6,34038,120614,154652,1546.52,0.292285,0.00292285,502.693404,5.02693404,60,40,1
2024-06-10 05:53:52,2024-06-10 06:02:12,gpt-35-turbo,chain_of_thought,sat-en-100,0.0,100,0.7,126017,135320,261337,2613.37,0.4596654999999999,0.004596655,500.528723,5.00528723,70,30,1
2024-06-10 06:02:12,2024-06-10 06:10:51,gpt-35-turbo,chain_of_thought,sat-en-100,0.1,100,0.75,126017,140290,266307,2663.07,0.4696055,0.004696055,519.165551,5.19165551,75,25,1
2024-06-10 06:10:51,2024-06-10 06:19:17,gpt-35-turbo,chain_of_thought,sat-en-100,0.2,100,0.76,126017,140559,266576,2665.76,0.4701434999999999,0.0047014349999999,506.051694,5.06051694,76,24,1
2024-06-10 06:19:17,2024-06-10 06:27:43,gpt-35-turbo,chain_of_thought,sat-en-100,0.3,100,0.77,126017,139469,265486,2654.86,0.4679635,0.004679635,505.633296,5.05633296,77,23,2
2024-06-10 06:27:43,2024-06-10 06:36:12,gpt-35-turbo,chain_of_thought,sat-en-100,0.4,100,0.76,126017,139102,265119,2651.19,0.4672294999999999,0.004672295,508.687476,5.08687476,76,24,1
2024-06-10 06:36:12,2024-06-10 06:44:47,gpt-35-turbo,chain_of_thought,sat-en-100,0.5,100,0.76,126017,138647,264664,2646.64,0.4663195,0.004663195,515.463309,5.15463309,76,24,2
2024-06-10 06:44:47,2024-06-10 06:53:14,gpt-35-turbo,chain_of_thought,sat-en-100,0.6,100,0.79,126017,139016,265033,2650.33,0.4670575,0.004670575,506.629874,5.06629874,79,21,1
2024-06-10 06:53:14,2024-06-10 07:01:42,gpt-35-turbo,chain_of_thought,sat-en-100,0.7,100,0.79,126017,135574,261591,2615.91,0.4601735,0.004601735,507.865483,5.07865483,79,21,1
2024-06-10 07:01:42,2024-06-10 07:10:08,gpt-35-turbo,chain_of_thought,sat-en-100,0.8,100,0.77,126017,136981,262998,2629.98,0.4629875,0.004629875,506.227582,5.06227582,77,23,1
2024-06-10 07:10:08,2024-06-10 07:18:33,gpt-35-turbo,chain_of_thought,sat-en-100,0.9,100,0.77,126017,136390,262407,2624.07,0.4618055,0.0046180549999999,504.545678,5.04545678,77,23,1
2024-06-10 07:18:33,2024-06-10 07:27:00,gpt-35-turbo,chain_of_thought,sat-en-100,1.0,100,0.79,126017,135224,261241,2612.41,0.4594735,0.004594735,507.483463,5.07483463,79,21,2
2024-06-10 07:27:00,2024-06-10 07:35:28,gpt-35-turbo,chain_of_thought,sat-math-100,0.0,100,0.74,41448,175450,216898,2168.98,0.413072,0.00413072,508.144243,5.08144243,74,26,0
2024-06-10 07:35:28,2024-06-10 07:44:01,gpt-35-turbo,chain_of_thought,sat-math-100,0.1,100,0.8,41448,169541,210989,2109.89,0.401254,0.00401254,512.870189,5.128701889999999,80,20,0
2024-06-10 07:44:01,2024-06-10 07:52:36,gpt-35-turbo,chain_of_thought,sat-math-100,0.2,100,0.82,41448,168377,209825,2098.25,0.398926,0.00398926,514.989076,5.14989076,82,18,0
2024-06-10 07:52:36,2024-06-10 08:01:16,gpt-35-turbo,chain_of_thought,sat-math-100,0.3,100,0.84,41448,167484,208932,2089.32,0.39714,0.0039714,520.034237,5.20034237,84,16,0
2024-06-10 08:01:16,2024-06-10 08:09:58,gpt-35-turbo,chain_of_thought,sat-math-100,0.4,100,0.86,41448,166953,208401,2084.01,0.396078,0.00396078,521.868313,5.21868313,86,14,0
2024-06-10 08:09:58,2024-06-10 08:18:35,gpt-35-turbo,chain_of_thought,sat-math-100,0.5,100,0.85,41448,169168,210616,2106.16,0.400508,0.00400508,516.661577,5.16661577,85,15,1
2024-06-10 08:18:35,2024-06-10 08:27:11,gpt-35-turbo,chain_of_thought,sat-math-100,0.6,100,0.82,41448,169911,211359,2113.59,0.401994,0.00401994,516.585317,5.16585317,82,18,0
2024-06-10 08:27:11,2024-06-10 08:35:56,gpt-35-turbo,chain_of_thought,sat-math-100,0.7,100,0.86,41448,171967,213415,2134.15,0.406106,0.00406106,524.273943,5.24273943,86,14,0
2024-06-10 08:35:56,2024-06-10 08:44:39,gpt-35-turbo,chain_of_thought,sat-math-100,0.8,100,0.86,41448,175494,216942,2169.42,0.41316,0.0041316,523.287641,5.23287641,86,14,0
2024-06-10 08:44:39,2024-06-10 08:53:25,gpt-35-turbo,chain_of_thought,sat-math-100,0.9,100,0.87,41448,175945,217393,2173.93,0.414062,0.00414062,525.576191,5.25576191,87,13,0
2024-06-10 08:53:25,2024-06-10 09:02:15,gpt-35-turbo,chain_of_thought,sat-math-100,1.0,100,0.91,41448,179506,220954,2209.54,0.421184,0.00421184,530.79178,5.3079178,91,9,0
2024-06-09 14:30:33,2024-06-09 14:39:02,gpt-35-turbo,composite,comprehensive-100,0.0,100,0.5,75389,275580,350969,3509.69,0.6642435,0.0066424349999999,508.910705,5.08910705,50,50,1
2024-06-09 14:39:02,2024-06-09 14:48:09,gpt-35-turbo,composite,comprehensive-100,0.1,100,0.59,75389,277768,353157,3531.57,0.6686195,0.006686195,546.701836,5.46701836,59,41,1
2024-06-09 14:48:09,2024-06-09 14:57:20,gpt-35-turbo,composite,comprehensive-100,0.2,100,0.62,75389,281852,357241,3572.41,0.6767875000000001,0.006767875,551.287646,5.51287646,62,38,1
2024-06-09 14:57:20,2024-06-09 15:06:21,gpt-35-turbo,composite,comprehensive-100,0.3,100,0.63,75389,280474,355863,3558.63,0.6740315,0.006740315,541.102357,5.41102357,63,37,1
2024-06-09 15:06:21,2024-06-09 15:15:24,gpt-35-turbo,composite,comprehensive-100,0.4,100,0.61,75389,280299,355688,3556.88,0.6736814999999999,0.0067368149999999,542.702933,5.42702933,61,39,1
2024-06-09 15:15:24,2024-06-09 15:24:29,gpt-35-turbo,composite,comprehensive-100,0.5,100,0.6,75389,278187,353576,3535.76,0.6694575,0.006694575,544.458013,5.44458013,60,40,1
2024-06-09 15:24:29,2024-06-09 15:33:30,gpt-35-turbo,composite,comprehensive-100,0.6,100,0.62,75389,281503,356892,3568.92,0.6760895,0.006760895,541.65237,5.4165237,62,38,1
2024-06-09 15:33:30,2024-06-09 15:42:36,gpt-35-turbo,composite,comprehensive-100,0.7,100,0.61,75389,274229,349618,3496.18,0.6615415,0.006615415,545.833405,5.45833405,61,39,1
2024-06-09 15:42:36,2024-06-09 15:51:49,gpt-35-turbo,composite,comprehensive-100,0.8,100,0.59,75389,279913,355302,3553.02,0.6729095,0.006729095,552.505278,5.525052779999999,59,41,1
2024-06-09 15:51:49,2024-06-09 16:01:04,gpt-35-turbo,composite,comprehensive-100,0.9,100,0.62,75389,281470,356859,3568.59,0.6760235000000001,0.006760235,555.525632,5.55525632,62,38,1
2024-06-09 16:01:04,2024-06-09 16:10:19,gpt-35-turbo,composite,comprehensive-100,1.0,100,0.64,75389,278451,353840,3538.4,0.6699855,0.006699855,554.975243,5.54975243,64,36,1
2024-06-09 10:21:22,2024-06-09 10:32:31,gpt-35-turbo,domain_expert,comprehensive-100,0.0,100,0.51,48956,10240,59196,591.96,0.093914,0.00093914,668.071745,6.68071745,51,49,1
2024-06-09 10:32:31,2024-06-09 10:43:47,gpt-35-turbo,domain_expert,comprehensive-100,0.1,100,0.5,48956,9943,58899,588.99,0.09332,0.0009332,676.568306,6.76568306,50,50,1
2024-06-09 10:43:47,2024-06-09 10:55:42,gpt-35-turbo,domain_expert,comprehensive-100,0.2,100,0.54,48956,10666,59622,596.22,0.094766,0.00094766,714.948129,7.14948129,54,46,1
2024-06-09 10:55:42,2024-06-09 11:06:57,gpt-35-turbo,domain_expert,comprehensive-100,0.3,100,0.51,48956,10562,59518,595.18,0.094558,0.00094558,674.484128,6.74484128,51,49,1
2024-06-09 11:06:57,2024-06-09 11:18:58,gpt-35-turbo,domain_expert,comprehensive-100,0.4,100,0.53,48956,11090,60046,600.46,0.095614,0.00095614,721.847718,7.21847718,53,47,1
2024-06-09 11:18:58,2024-06-09 11:31:10,gpt-35-turbo,domain_expert,comprehensive-100,0.5,100,0.5,48218,9878,58096,580.96,0.092083,0.00092083,731.296936,7.312969359999999,50,50,3
2024-06-09 11:31:10,2024-06-09 11:42:23,gpt-35-turbo,domain_expert,comprehensive-100,0.6,100,0.5,48956,9626,58582,585.82,0.0926859999999999,0.0009268599999999,673.099407,6.73099407,50,50,1
2024-06-09 11:42:23,2024-06-09 11:54:27,gpt-35-turbo,domain_expert,comprehensive-100,0.7,100,0.5,48956,12941,61897,618.97,0.099316,0.00099316,723.992201,7.23992201,50,50,1
2024-06-09 11:54:27,2024-06-09 12:06:31,gpt-35-turbo,domain_expert,comprehensive-100,0.8,100,0.51,48956,11588,60544,605.44,0.09661,0.0009661,723.637745,7.23637745,51,49,1
2024-06-09 12:06:31,2024-06-09 12:18:43,gpt-35-turbo,domain_expert,comprehensive-100,0.9,100,0.5,48956,14063,63019,630.19,0.10156,0.0010156,732.74829,7.3274829,50,50,1
2024-06-09 12:18:43,2024-06-09 12:29:59,gpt-35-turbo,domain_expert,comprehensive-100,1.0,100,0.47,47943,12645,60588,605.88,0.0972045,0.0009720449999999,675.713896,6.75713896,47,53,4
2024-06-09 12:29:59,2024-06-09 12:44:23,gpt-35-turbo,self_recitation,comprehensive-100,0.0,100,0.55,59661,172230,231891,2318.91,0.4339515,0.0043395149999999,863.594516,8.63594516,55,45,2
2024-06-09 12:44:23,2024-06-09 13:00:18,gpt-35-turbo,self_recitation,comprehensive-100,0.1,100,0.51,60793,179248,240041,2400.41,0.4496854999999999,0.0044968549999999,955.518173,9.55518173,51,49,1
2024-06-09 13:00:18,2024-06-09 13:16:33,gpt-35-turbo,self_recitation,comprehensive-100,0.2,100,0.51,60793,181778,242571,2425.71,0.4547454999999999,0.004547455,974.303692,9.74303692,51,49,1
2024-06-09 13:16:33,2024-06-09 13:29:38,gpt-35-turbo,self_recitation,comprehensive-100,0.3,100,0.51,59640,181140,240780,2407.8,0.45174,0.0045174,785.730226,7.85730226,51,49,3
2024-06-09 13:29:38,2024-06-09 13:38:28,gpt-35-turbo,self_recitation,comprehensive-100,0.4,100,0.52,60793,189279,250072,2500.72,0.4697475,0.004697475,529.260435,5.29260435,52,48,1
2024-06-09 13:38:28,2024-06-09 13:47:02,gpt-35-turbo,self_recitation,comprehensive-100,0.5,100,0.5,60793,183177,243970,2439.7,0.4575434999999999,0.0045754349999999,514.64972,5.1464972,50,50,1
2024-06-09 13:47:02,2024-06-09 13:55:45,gpt-35-turbo,self_recitation,comprehensive-100,0.6,100,0.55,60793,182668,243461,2434.61,0.4565255,0.004565255,522.274365,5.22274365,55,45,1
2024-06-09 13:55:45,2024-06-09 14:04:26,gpt-35-turbo,self_recitation,comprehensive-100,0.7,100,0.54,60793,182389,243182,2431.82,0.4559675,0.004559675,521.623394,5.21623394,54,46,1
2024-06-09 14:04:26,2024-06-09 14:13:06,gpt-35-turbo,self_recitation,comprehensive-100,0.8,100,0.51,60793,186809,247602,2476.02,0.4648075,0.004648075,519.587967,5.19587967,51,49,1
2024-06-09 14:13:06,2024-06-09 14:21:54,gpt-35-turbo,self_recitation,comprehensive-100,0.9,100,0.53,60793,185561,246354,2463.54,0.4623115,0.004623115,527.723926,5.27723926,53,47,1
2024-06-09 14:21:54,2024-06-09 14:30:33,gpt-35-turbo,self_recitation,comprehensive-100,1.0,100,0.51,60793,193174,253967,2539.67,0.4775375,0.004775375,519.763148,5.19763148,51,49,1
2024-06-07 19:40:36,2024-06-07 21:21:14,gpt-4,chain_of_thought,comprehensive-100,0.0,100,0.81,56338,156102,212440,2124.4,11.056259999999998,0.1105625999999999,6037.923765,60.37923764999999,81,19,1
2024-06-07 21:21:14,2024-06-07 23:59:36,gpt-4,chain_of_thought,comprehensive-100,0.1,100,0.8,56338,157670,214008,2140.08,11.150339999999998,0.1115033999999999,9502.27551,95.0227551,80,20,1
2024-06-07 23:59:36,2024-06-08 01:41:13,gpt-4,chain_of_thought,comprehensive-100,0.2,100,0.78,56338,155738,212076,2120.76,11.03442,0.1103441999999999,6097.148635,60.97148634999999,78,22,1
2024-06-08 01:41:13,2024-06-08 03:22:42,gpt-4,chain_of_thought,comprehensive-100,0.3,100,0.76,56338,154010,210348,2103.48,10.93074,0.1093074,6089.25139,60.8925139,76,24,1
2024-06-08 03:22:42,2024-06-08 05:04:10,gpt-4,chain_of_thought,comprehensive-100,0.4,100,0.78,56338,154268,210606,2106.06,10.94622,0.1094622,6087.781567,60.87781567,78,22,1
2024-06-08 05:04:10,2024-06-08 06:45:38,gpt-4,chain_of_thought,comprehensive-100,0.5,100,0.77,56338,157427,213765,2137.65,11.135759999999998,0.1113575999999999,6087.344268,60.87344268,77,23,1
2024-06-08 06:45:38,2024-06-08 08:27:09,gpt-4,chain_of_thought,comprehensive-100,0.6,100,0.79,56338,154913,211251,2112.51,10.98492,0.1098492,6091.740457,60.91740457,79,21,1
2024-06-08 08:27:09,2024-06-08 10:08:36,gpt-4,chain_of_thought,comprehensive-100,0.7,100,0.78,56338,153976,210314,2103.14,10.9287,0.109287,6087.113005,60.871130050000005,78,22,1
2024-06-08 10:08:37,2024-06-08 11:50:06,gpt-4,chain_of_thought,comprehensive-100,0.8,100,0.79,56338,153069,209407,2094.07,10.87428,0.1087427999999999,6089.013299,60.890132990000005,79,21,1
2024-06-08 11:50:06,2024-06-08 13:31:36,gpt-4,chain_of_thought,comprehensive-100,0.9,100,0.8,56338,154023,210361,2103.61,10.93152,0.1093151999999999,6090.011663,60.90011663,80,20,1
2024-06-08 13:31:36,2024-06-08 15:13:08,gpt-4,chain_of_thought,comprehensive-100,1.0,100,0.77,56338,159110,215448,2154.48,11.23674,0.1123673999999999,6092.387944,60.92387944,77,23,2
2024-06-07 19:42:13,2024-06-08 00:56:13,llama-2-70b-chat,chain_of_thought,comprehensive-100,0.0,100,0.33,65627,237275,302902,3029.02,0.5210423300000001,0.0052104233,18839.793906,188.39793906,33,67,2
2024-06-08 00:56:13,2024-06-08 04:59:29,llama-2-70b-chat,chain_of_thought,comprehensive-100,0.1,100,0.3,65627,236088,301715,3017.15,0.51894134,0.0051894134,14596.127087,145.96127087000002,30,70,2
2024-06-08 04:59:29,2024-06-08 09:10:10,llama-2-70b-chat,chain_of_thought,comprehensive-100,0.2,100,0.33,65627,241833,307460,3074.6,0.52910999,0.0052910999,15040.865163,150.40865163,33,67,2
2024-06-08 09:10:10,2024-06-08 13:15:09,llama-2-70b-chat,chain_of_thought,comprehensive-100,0.3,100,0.35,65242,236326,301568,3015.68,0.5187697,0.005187697,14699.735366,146.99735366000002,35,65,3
2024-06-08 13:15:09,2024-06-08 17:21:50,llama-2-70b-chat,chain_of_thought,comprehensive-100,0.4,100,0.33,65242,239753,304995,3049.95,0.5248354900000001,0.0052483549,14801.050285,148.01050285,33,67,2
2024-06-08 17:21:50,2024-06-08 21:30:53,llama-2-70b-chat,chain_of_thought,comprehensive-100,0.5,100,0.36,65627,240227,305854,3058.54,0.52626737,0.0052626737,14942.644281,149.42644281,36,64,3
2024-06-08 21:30:53,2024-06-09 01:39:56,llama-2-70b-chat,chain_of_thought,comprehensive-100,0.6,100,0.32,65627,241295,306922,3069.22,0.52815773,0.0052815773,14942.707322,149.42707322,32,68,3
2024-06-09 01:39:56,2024-06-09 05:48:10,llama-2-70b-chat,chain_of_thought,comprehensive-100,0.7,100,0.35,65627,240673,306300,3063.0,0.52705679,0.0052705679,14893.738492,148.93738492,35,65,3
2024-06-09 05:48:10,2024-06-09 09:57:43,llama-2-70b-chat,chain_of_thought,comprehensive-100,0.8,100,0.37,65627,241217,306844,3068.44,0.52801967,0.0052801967,14973.019693,149.73019693,37,63,3
2024-06-09 09:57:43,2024-06-09 14:05:15,llama-2-70b-chat,chain_of_thought,comprehensive-100,0.9,100,0.33,65627,236756,302383,3023.83,0.5201237000000001,0.005201237,14852.117216,148.52117216,33,67,2
2024-06-09 14:05:15,2024-06-09 18:13:36,llama-2-70b-chat,chain_of_thought,comprehensive-100,1.0,100,0.34,65242,238581,303823,3038.23,0.5227610500000001,0.0052276105,14901.376522,149.01376522,34,66,3
2024-06-07 19:41:55,2024-06-07 20:48:52,llama-2-7b-chat,chain_of_thought,comprehensive-100,0.0,100,0.24,65627,262892,328519,3285.19,0.21026368,0.0021026368,4016.401261,40.16401261,24,76,2
2024-06-07 20:48:52,2024-06-07 21:52:54,llama-2-7b-chat,chain_of_thought,comprehensive-100,0.1,100,0.22,65627,260691,326318,3263.18,0.20878901,0.0020878901,3841.752596,38.41752596,22,78,1
2024-06-07 21:52:54,2024-06-07 23:53:41,llama-2-7b-chat,chain_of_thought,comprehensive-100,0.2,100,0.26,65627,257295,322922,3229.22,0.20651369,0.0020651369,7247.782173,72.47782173,26,74,3
2024-06-07 23:53:42,2024-06-08 00:56:19,llama-2-7b-chat,chain_of_thought,comprehensive-100,0.3,100,0.26,65627,251778,317405,3174.05,0.2028173,0.002028173,3757.112535,37.57112535,26,74,2
2024-06-08 00:56:19,2024-06-08 01:58:48,llama-2-7b-chat,chain_of_thought,comprehensive-100,0.4,100,0.24,65627,253173,318800,3188.0,0.20375195,0.0020375195,3749.283007,37.49283007,24,76,3
2024-06-08 01:58:48,2024-06-08 03:01:27,llama-2-7b-chat,chain_of_thought,comprehensive-100,0.5,100,0.24,65627,253678,319305,3193.05,0.2040903,0.002040903,3759.485487,37.59485487,24,76,2
2024-06-08 03:01:28,2024-06-08 04:04:27,llama-2-7b-chat,chain_of_thought,comprehensive-100,0.6,100,0.26,64100,253934,318034,3180.34,0.20346778,0.0020346778,3779.299407,37.79299407,26,74,4
2024-06-08 04:04:27,2024-06-08 05:07:13,llama-2-7b-chat,chain_of_thought,comprehensive-100,0.7,100,0.3,64100,254999,319099,3190.99,0.20418133,0.0020418133,3766.062862,37.66062862,30,70,2
2024-06-08 05:07:13,2024-06-08 06:08:56,llama-2-7b-chat,chain_of_thought,comprehensive-100,0.8,100,0.23,65627,250569,316196,3161.96,0.20200727,0.0020200727,3703.52553,37.0352553,23,77,3
2024-06-08 06:08:57,2024-06-08 07:10:10,llama-2-7b-chat,chain_of_thought,comprehensive-100,0.9,100,0.25,65627,247519,313146,3131.46,0.1999637699999999,0.0019996376999999,3673.457636,36.73457636,25,75,3
2024-06-08 07:10:10,2024-06-08 08:10:25,llama-2-7b-chat,chain_of_thought,comprehensive-100,1.0,100,0.27,65627,243067,308694,3086.94,0.19698093,0.0019698093,3615.266106,36.15266106,27,73,4
2024-06-07 19:42:32,2024-06-07 22:54:54,mistral-large,chain_of_thought,comprehensive-100,0.0,100,0.71,62157,194090,256247,2562.47,5.155416,0.0515541599999999,11541.590785,115.41590785,71,29,1
2024-06-07 22:54:54,2024-06-08 01:06:35,mistral-large,chain_of_thought,comprehensive-100,0.1,100,0.72,62157,188396,250553,2505.53,5.01876,0.0501876,7901.515968,79.01515968,72,28,2
2024-06-08 01:06:35,2024-06-08 03:18:58,mistral-large,chain_of_thought,comprehensive-100,0.2,100,0.72,62157,189677,251834,2518.34,5.049504000000001,0.05049504,7942.45353,79.4245353,72,28,4
2024-06-08 03:18:58,2024-06-08 05:31:06,mistral-large,chain_of_thought,comprehensive-100,0.3,100,0.73,62157,188837,250994,2509.94,5.029344,0.05029344,7928.33542,79.2833542,73,27,2
2024-06-08 05:31:06,2024-06-08 07:43:57,mistral-large,chain_of_thought,comprehensive-100,0.4,100,0.75,62157,190346,252503,2525.03,5.0655600000000005,0.0506556,7970.524168,79.70524168,75,25,4
2024-06-08 07:43:57,2024-06-08 09:58:00,mistral-large,chain_of_thought,comprehensive-100,0.5,100,0.75,62157,192300,254457,2544.57,5.112456,0.05112456,8043.137053,80.43137053000001,75,25,3
2024-06-08 09:58:00,2024-06-08 12:08:49,mistral-large,chain_of_thought,comprehensive-100,0.6,100,0.74,62157,187268,249425,2494.25,4.991688,0.04991688,7848.926214,78.48926214,74,26,4
2024-06-08 12:08:49,2024-06-08 14:23:48,mistral-large,chain_of_thought,comprehensive-100,0.7,100,0.71,62157,193817,255974,2559.74,5.1488640000000006,0.05148864,8099.238178,80.99238178,71,29,2
2024-06-08 14:23:48,2024-06-08 16:41:25,mistral-large,chain_of_thought,comprehensive-100,0.8,100,0.76,62157,198128,260285,2602.85,5.252328,0.05252328,8257.010656,82.57010656,76,24,3
2024-06-08 16:41:25,2024-06-08 18:58:53,mistral-large,chain_of_thought,comprehensive-100,0.9,100,0.77,62157,197661,259818,2598.18,5.24112,0.0524112,8247.223222,82.47223222000001,77,23,2
2024-06-08 18:58:53,2024-06-08 21:18:53,mistral-large,chain_of_thought,comprehensive-100,1.0,100,0.74,62157,201964,264121,2641.21,5.344392000000001,0.05344392,8400.268814,84.00268813999999,74,26,2
